sample_id,age,sex
G16-2.sorted.bam,51.0,M
1690,57.0,F
S16-2.sorted.bam,52.0,M
761,66.0,M
1900,65.0,F
1553,60.0,F
G6-3.sorted.bam,67.0,F
770,53.0,M
1092,60.0,M
875,55.0,M
1538,59.0,F
1593,78.0,M
445,80.0,F
R15-3.sorted.bam,59.0,F
1651,57.0,M
521,69.0,M
506,69.0,F
D11-2.sorted.bam,78.0,F
643,74.0,F
A8-2.sorted.bam,58.0,M
306,53.0,F
717,56.0,F
S13-3.sorted.bam,58.0,F
769,51.0,F
539,68.0,F
127,70.0,F
K8-3.sorted.bam,57.0,F
2033,78.0,F
657,50.0,M
1083,55.0,M
1066,58.0,F
1041,60.0,M
1923,57.0,F
1102,61.0,M
2002,61.0,F
172,52.0,F
617,65.0,M
760,59.0,M
1587,60.0,M
D5-4.sorted.bam,72.0,F
1442,68.0,M
B35-2_FKDL220012593-1a.sorted.bam,54.0,M
527,51.0,M
S15-3.sorted.bam,65.0,F
1627,73.0,F
791,53.0,M
813,53.0,M
A18-3.sorted.bam,70.0,F
2008,63.0,F
1610,65.0,F
1462,65.0,M
1584,73.0,M
341,56.0,F
350,65.0,M
1974,64.0,F
S3-2.sorted.bam,61.0,M
C8-2.sorted.bam,66.0,F
315,62.0,F
1265,54.0,M
2029,64.0,M
667,64.0,F
1220,59.0,F
2037,66.0,F
611,59.0,M
2000,68.0,F
A10-2.sorted.bam,58.0,M
F16-2.sorted.bam,67.0,M
N1-2.sorted.bam,55.0,M
395,62.0,M
C7-2.sorted.bam,59.0,M
628,61.0,F
F12-2.sorted.bam,72.0,M
290,52.0,M
S6-2.sorted.bam,69.0,M
1271,63.0,M
1892,59.0,F
1989,53.0,F
P3-3.sorted.bam,72.0,F
1688,69.0,M
1541,55.0,M
1417,54.0,M
472,86.0,M
K6-3.sorted.bam,60.0,F
1717,57.0,F
763,60.0,M
1033,53.0,F
1290,57.0,M
1622,72.0,F
1267,55.0,M
D3-3.sorted.bam,61.0,F
295,57.0,M
111,61.0,M
G5-2.sorted.bam,58.0,M
829,58.0,M
427,59.0,M
1589,74.0,F
480,51.0,M
1890,70.0,F
396,60.0,F
G12-3.sorted.bam,73.0,F
K7-1.sorted.bam,90.0,F
S4-1.sorted.bam,91.0,F
984,97.0,F
1401,91.0,F
1567,91.0,M
85,106.0,M
347,100.0,F
S2-1.sorted.bam,95.0,M
945,98.0,F
547,95.0,F
1577,93.0,F
498,95.0,M
1895,99.0,F
EQ-K15-1.sorted.bam,93.0,F
C17-1.sorted.bam,91.0,M
1695,95.0,F
1062,101.0,F
B17-1.sorted.bam,94.0,F
929,95.0,F
943,95.0,F
1997,97.0,F
679,97.0,F
1003,102.0,F
900,95.0,M
1513,92.0,F
D10-1.sorted.bam,90.0,M
1529,96.0,M
1578,94.0,F
1782,102.0,F
1906,93.0,M
P2-1.sorted.bam,91.0,F
490,96.0,M
1244,97.0,F
1359,96.0,M
2001,94.0,M
2032,97.0,F
331,100.0,M
1549,91.0,M
497,96.0,F
B20-1.sorted.bam,96.0,F
1282,91.0,F
1357,97.0,M
EQ-A12-1.sorted.bam,91.0,F
1540,96.0,F
806,96.0,M
810,108.0,F
22,104.0,F
D2-1.sorted.bam,91.0,F
1666,103.0,F
1977,97.0,F
