ID,age,sex,region,band
1047,102.0,F,Hainan,L
1217,92.0,M,Hubei,L
1221,99.0,M,Hubei,L
1234,54.0,M,Hubei,M
1236,70.0,F,Hubei,M
1253,90.0,F,Hubei,L
1258,62.0,M,Hubei,M
1283,67.0,M,Hubei,M
1306,92.0,M,Hubei,L
1316,94.0,M,Hubei,L
1318,92.0,M,Hubei,L
1344,57.0,M,Hubei,M
1376,65.0,M,Hubei,M
1441,95.0,F,Hubei,L
1451,54.0,M,Hubei,M
1458,94.0,F,Hubei,L
1460,49.0,M,Hubei,Y
1462,65.0,M,Hubei,M
1464,43.0,M,Hubei,Y
1478,55.0,F,Hubei,M
1480,59.0,M,Hubei,M
1614,53.0,F,Hainan,M
1617,74.0,F,Hainan,M
1621,96.0,F,Hainan,L
1639,72.0,F,Hainan,M
1647,96.0,F,Hainan,L
1660,98.0,F,Hainan,L
1680,71.0,M,Hainan,M
1686,97.0,F,Hainan,L
169,102.0,F,Hainan,L
1700,62.0,F,Hainan,M
1755,61.0,F,Hainan,M
1761,94.0,M,Hainan,L
1782,102.0,F,Hainan,L
1792,97.0,F,Hainan,L
1938,96.0,F,Hainan,L
1939,49.0,F,Hainan,Y
1979,60.0,F,Hainan,M
1992,94.0,F,Hainan,L
2016,96.0,F,Hainan,L
2034,94.0,M,Hainan,L
204,72.0,M,Hainan,M
210,78.0,M,Hainan,M
245,70.0,F,Hainan,M
262,75.0,M,Hainan,M
283,101.0,M,Hainan,L
314,62.0,M,Hainan,M
337,57.0,F,Hainan,M
402,34.0,M,Hainan,Y
431,97.0,F,Hainan,L
450,62.0,F,Hainan,M
477,61.0,F,Hainan,M
525,24.0,M,Hainan,Y
544,95.0,F,Hainan,L
550,93.0,F,Hainan,L
552,56.0,F,Hainan,M
598,95.0,F,Hainan,L
606,38.0,M,Hainan,Y
617,65.0,M,Hainan,M
618,96.0,F,Hainan,L
631,98.0,F,Hainan,L
665,97.0,M,Hainan,L
685,67.0,M,Hainan,M
696,48.0,F,Hainan,Y
776,96.0,F,Hainan,L
864,100.0,F,Hainan,L
865,38.0,M,Hainan,Y
875,55.0,M,Hainan,M
910,59.0,F,Hainan,M
947,95.0,F,Hainan,L
962,49.0,F,Hainan,Y
982,101.0,F,Hainan,L
A11-2.sorted.bam,70.0,F,Hunan,M
B17-2.sorted.bam,70.0,M,Hunan,M
B18-2.sorted.bam,54.0,M,Hunan,M
B19-1.sorted.bam,90.0,M,Hunan,L
B25-2.sorted.bam,71.0,F,Hunan,M
B9-1.sorted.bam,90.0,F,Hunan,L
C28-4.sorted.bam,55.0,M,Hunan,M
D10-1.sorted.bam,90.0,M,Hunan,L
D11-1.sorted.bam,90.0,M,Hunan,L
D4-1.sorted.bam,92.0,M,Hunan,L
D5-1.sorted.bam,92.0,F,Hunan,L
EQ-B22-1.sorted.bam,91.0,F,Hunan,L
F10-2.sorted.bam,60.0,M,Hunan,M
F13-3.sorted.bam,53.0,F,Hunan,M
F15-3.sorted.bam,50.0,F,Hunan,Y
F16-1.sorted.bam,94.0,M,Hunan,L
F7-2.sorted.bam,51.0,M,Hunan,M
G14-2.sorted.bam,60.0,M,Hunan,M
G6-1.sorted.bam,94.0,F,Hunan,L
K3-3.sorted.bam,58.0,F,Hunan,M
N1-2.sorted.bam,55.0,M,Hunan,M
N5-1.sorted.bam,91.0,F,Hunan,L
S4-1.sorted.bam,91.0,F,Hunan,L
S8-1.sorted.bam,91.0,F,Hunan,L
1022,64.0,M,Hainan,M
1312,69.0,M,Hubei,M
1427,66.0,M,Hubei,M
1756,94.0,F,Hainan,L
1879,101.0,F,Hainan,L
1980,96.0,F,Hainan,L
209,106.0,F,Hainan,L
338,100.0,M,Hainan,L
412,58.0,M,Hainan,M
425,95.0,M,Hainan,L
564,38.0,M,Hainan,Y
596,96.0,F,Hainan,L
632,89.0,F,Hainan,M
636,30.0,M,Hainan,Y
799,54.0,M,Hainan,M
835,72.0,M,Hainan,M
903,55.0,F,Hainan,M
950,64.0,M,Hainan,M
A7-1.sorted.bam,93.0,M,Hunan,L
B3-2.sorted.bam,49.0,M,Hunan,Y
B6-1.sorted.bam,90.0,F,Hunan,L
E1-1.sorted.bam,90.0,M,Hunan,L
ETLS-C7-3.sorted.bam,59.0,F,Hunan,M
F10-1.sorted.bam,91.0,F,Hunan,L
